"title","date","reads","shares","follows","delivered","delivery_rate","read_finish_rate"
"别被误导：AI创造新岗位≠你将自动获得新工作","20260403","11","2","0","478","0.014644352","0"
"从“张雪机车”事件看技术决策：执行力之外的智慧","20260402","33","4","0","437","0.045766592","0.121212125"
"职场中年危机：职场人如何突破“还能走”的旧路径？","20260401","34","2","0","395","0.032911394","0.264705896"
"35+技术人的AI挑战：为何我们更擅长解释而非学习？","20260331","22","2","0","345","0.026086956","0.181818187"
"中年危机破解之道：识别并把握那些改变命运的“跳跃瞬间”","20260330","34","2","0","317","0.03154574","0.176470593"
"旧路径的束缚：技术人才如何挣脱习惯的力量？","20260328","45","4","4","250","0.044","0.13333334"
"技术人的转折点：为何增长感比工作更易丧失？","20260327","120","3","0","221","0.06334842","0.224999994"
"35+技术人的转型之路：如何让经验成为你的长期资产？","20260326","25","2","0","186","0.053763442","0.360000014"
"中年危机中，你的工作是否过度消耗你？","20260325","77","2","0","173","0.040462427","0.155844152"
"问题发生后，技术团队如何正确追问历史决策？","20260324","81","5","1","146","0.06849315","0.185185179"
"技术人的迷茫：忙碌背后，你真的在成长吗？","20260323","75","3","3","129","0.062015504","0.226666674"
"技术人的成长痛点：为什么第一步总是难以启程？","20260322","38","2","0","120","0.075000003","0.131578952"
"很多技术人越做越熟，却离下一步越来越远","20260321","60","2","2","113","0.079646021","0.166666672"
"为什么很多技术人明明知道自己卡住了，却一直动不起来","20260320","291","6","2","97","0.195876285","0.140893474"
"为什么压迫式追问会反复出现：很多团队其实不会处理不确定性","20260319","278","28","0","73","0.273972601","0.237410069"
"一个需求值不值得做，至少应该先过这 5 关","20260318","24","2","0","58","0.120689653","0.125"
"你不是没有内容，你只是把有价值的技术经验活成了日常","20260317","118","3","1","50","0.059999999","0.203389823"
"很多技术人被问责，不是因为事情做错了，而是因为他不会把事实说成判断","20260316","806","66","23","39","0.56410259","0.224565759"
"你做得越复杂，领导越觉得普通：实现难度，不等于事情价值","20260315","26","1","1","38","0.157894731","0.192307696"
"很多执行层的疲惫，是总在替没想清楚的问题买单","20260314","65","3","0","37","0.135135129","0.246153846"
"35岁后最危险的，不是能力不够，而是越来越像一个稳定执行器","20260313","113","5","0","36","0.138888896","0.203539819"
"技术会议最危险的，不是没人发言，而是太早开始聊方案","20260312","515","30","10","35","0.514285743","0.299029112"
"技术人为什么会对“复盘式追问”特别敏感？","20260311","40605","1688","342","32","1","0.307696104"
"为什么越专业的技术领导，越容易把团队带窒息","20260310","1005","32","15","31","0.258064508","0.353233844"
"系统没出事，为什么技术人还是越复盘越窒息","20260309","105","5","1","31","0.258064508","0.27619049"
"会议效率的真相：谁说出约束，谁结束会议","20260308","124","6","2","30","0.13333334","0.411290318"
"“先做一个版本再看”，很多时候不是敏捷，是甩锅","20260307","26","2","0","30","0.166666672","0.15384616"
"很多需求不是写出来的，是在会议里被逼供出来的","20260306","119","3","0","29","0.172413796","0.218487397"
"技术会议最危险的一句话：大家应该都理解了吧？","20260305","589","16","1","27","0.518518507","0.266553491"
